{"cameraMode":{"drawMode":0,"name":"Shaded","section":"Shading Mode"},"sceneLighting":true,"audioPlay":false,"sceneViewState":{"m_AlwaysRefresh":false,"showFog":true,"showSkybox":true,"showFlares":true,"showImageEffects":true,"showParticleSystems":true,"showVisualEffectGraphs":true,"m_FxEnabled":true},"in2DMode":false,"pivot":{"x":-5.109381675720215,"y":-5.7807230949401859,"z":2.828664541244507},"rotation":{"x":-0.24099232256412507,"y":0.06049112230539322,"z":-0.015156860463321209,"w":-0.9684377908706665},"size":18.137775421142579,"orthographic":false}