{"cameraMode":{"drawMode":0,"name":"Shaded","section":"Shading Mode"},"sceneLighting":false,"audioPlay":false,"sceneViewState":{"m_AlwaysRefresh":false,"showFog":true,"showSkybox":true,"showFlares":true,"showImageEffects":true,"showParticleSystems":true,"showVisualEffectGraphs":true,"m_FxEnabled":true},"in2DMode":false,"pivot":{"x":-3.5477633476257326,"y":-3.892731189727783,"z":-19.795665740966798},"rotation":{"x":0.12178447842597962,"y":-0.8775278329849243,"z":0.30883273482322695,"w":0.34603646397590639},"size":6.944219589233398,"orthographic":false}