{"cameraMode":{"drawMode":0,"name":"Shaded","section":"Shading Mode"},"sceneLighting":false,"audioPlay":false,"sceneViewState":{"m_AlwaysRefresh":false,"showFog":true,"showSkybox":true,"showFlares":true,"showImageEffects":true,"showParticleSystems":true,"showVisualEffectGraphs":true,"m_FxEnabled":true},"in2DMode":false,"pivot":{"x":14.703657150268555,"y":18.674938201904298,"z":2.4718399047851564},"rotation":{"x":0.2567858099937439,"y":-0.6344636082649231,"z":0.23620706796646119,"w":0.6897303462028503},"size":3.131802797317505,"orthographic":false}